{"cameraMode":{"drawMode":0,"name":"Shaded","section":"Shading Mode"},"sceneLighting":false,"audioPlay":false,"sceneViewState":{"showFog":true,"showMaterialUpdate":false,"showSkybox":false,"showFlares":true,"showImageEffects":true,"showParticleSystems":true,"showVisualEffectGraphs":true,"m_FxEnabled":false},"in2DMode":false,"pivot":{"x":0.6764043569564819,"y":0.7784534692764282,"z":0.09158962219953537},"rotation":{"x":-0.07286446541547775,"y":-0.6205494999885559,"z":0.058070890605449679,"w":-0.778615415096283},"size":0.3990953862667084,"orthographic":false}