{"cameraMode":{"drawMode":0,"name":"Shaded","section":"Shading Mode"},"sceneLighting":false,"audioPlay":false,"sceneViewState":{"showFog":true,"showMaterialUpdate":false,"showSkybox":false,"showFlares":true,"showImageEffects":true,"showParticleSystems":true,"showVisualEffectGraphs":true,"m_FxEnabled":true},"in2DMode":false,"pivot":{"x":-2.8386788368225099,"y":2.4467716217041017,"z":-4.648377895355225},"rotation":{"x":0.10686636716127396,"y":0.19244325160980225,"z":-0.01035618782043457,"w":0.9754278659820557},"size":3.7098000049591066,"orthographic":false}