{"cameraMode":{"drawMode":0,"name":"Shaded","section":"Shading Mode"},"sceneLighting":false,"audioPlay":false,"sceneViewState":{"showFog":true,"showMaterialUpdate":false,"showSkybox":true,"showFlares":true,"showImageEffects":true,"showParticleSystems":true,"showVisualEffectGraphs":true,"m_FxEnabled":false},"in2DMode":false,"pivot":{"x":1.648781657218933,"y":0.4815966486930847,"z":0.49224036931991579},"rotation":{"x":0.1175522729754448,"y":-0.002778151771053672,"z":-0.00023539534595329314,"w":0.9930645823478699},"size":2.130953311920166,"orthographic":false}