{"cameraMode":{"drawMode":0,"name":"Shaded","section":"Shading Mode"},"sceneLighting":false,"audioPlay":false,"sceneViewState":{"showFog":true,"showMaterialUpdate":false,"showSkybox":true,"showFlares":true,"showImageEffects":true,"showParticleSystems":true,"showVisualEffectGraphs":true,"m_FxEnabled":false},"in2DMode":false,"pivot":{"x":-8.228439331054688,"y":-7.043352127075195,"z":14.160954475402832},"rotation":{"x":-0.2486906796693802,"y":0.0007612144108861685,"z":0.00039468027534894645,"w":-0.9686000347137451},"size":11.925186157226563,"orthographic":false}