{"cameraMode":{"drawMode":0,"name":"Shaded","section":"Shading Mode"},"sceneLighting":false,"audioPlay":false,"sceneViewState":{"showFog":true,"showMaterialUpdate":false,"showSkybox":true,"showFlares":true,"showImageEffects":true,"showParticleSystems":true,"showVisualEffectGraphs":true,"m_FxEnabled":false},"in2DMode":false,"pivot":{"x":-5.590952396392822,"y":1.6330089569091797,"z":-0.6218284964561462},"rotation":{"x":0.0006839431589469314,"y":-0.01436038501560688,"z":0.0005529288318939507,"w":-0.9999051094055176},"size":2.5258448123931886,"orthographic":false}