{"cameraMode":{"drawMode":0,"name":"Shaded","section":"Shading Mode"},"sceneLighting":true,"audioPlay":false,"sceneViewState":{"showFog":true,"showMaterialUpdate":false,"showSkybox":true,"showFlares":true,"showImageEffects":true,"showParticleSystems":true,"showVisualEffectGraphs":true,"m_FxEnabled":true},"in2DMode":false,"pivot":{"x":0.02143271267414093,"y":1.3031851053237916,"z":-0.3603944182395935},"rotation":{"x":-0.05884536728262901,"y":0.21597951650619508,"z":-0.013041154481470585,"w":-0.9745381474494934},"size":1.5720903873443604,"orthographic":false}